{"cameraMode":{"drawMode":0,"name":"Shaded","section":"Shading Mode"},"sceneLighting":false,"audioPlay":false,"sceneViewState":{"showFog":true,"showMaterialUpdate":false,"showSkybox":false,"showFlares":true,"showImageEffects":true,"showParticleSystems":true},"in2DMode":false,"pivot":{"x":-1.1920928955078126e-7,"y":2.584113836288452,"z":-1.1920928955078126e-7},"rotation":{"x":0.2523238956928253,"y":0.42513781785964968,"z":-0.1246984675526619,"w":0.8602588176727295},"size":11.931486129760743,"orthographic":false}